{"time": 3380.0, "passengers_served": 30.0, "NMAC_events": 0.0, "LOS_events": 0.0, "NMAC_events_h": 0.0, "LOS_events_h": 0.0, "trip_ratio": 1.0353935070241647, "passengers_h": 31.952662721893493, "avg_wait_time": 1353.0, "max_wait_time": 2880.0}