{"time": 2490.0, "passengers_served": 30.0, "NMAC_events": 0.0, "LOS_events": 0.0, "NMAC_events_h": 0.0, "LOS_events_h": 0.0, "trip_ratio": 1.0485875892465264, "passengers_h": 43.373493975903614, "avg_wait_time": 992.6666666666666, "max_wait_time": 2070.0}