{"time": 3480.0, "passengers_served": 30.0, "NMAC_events": 0.0, "LOS_events": 0.0, "NMAC_events_h": 0.0, "LOS_events_h": 0.0, "trip_ratio": 1.0262427719777314, "passengers_h": 31.03448275862069, "avg_wait_time": 1146.0, "max_wait_time": 3000.0}