{"time": 2770.0, "passengers_served": 30.0, "NMAC_events": 0.0, "LOS_events": 0.0, "NMAC_events_h": 0.0, "LOS_events_h": 0.0, "trip_ratio": 1.0436947103782594, "passengers_h": 38.98916967509025, "avg_wait_time": 1024.0, "max_wait_time": 2320.0}