{"time": 3900.0, "passengers_served": 30.0, "NMAC_events": 0.0, "LOS_events": 0.0, "NMAC_events_h": 0.0, "LOS_events_h": 0.0, "trip_ratio": 1.048861721779909, "passengers_h": 27.692307692307693, "avg_wait_time": 1307.0, "max_wait_time": 3100.0}