{"time": 8010.0, "passengers_served": 99.0, "NMAC_events": 0.0, "LOS_events": 12.0, "NMAC_events_h": 0.0, "LOS_events_h": 5.393258426966292, "trip_ratio": 1.151433210219866, "passengers_h": 44.49438202247191, "avg_wait_time": 104.0, "max_wait_time": 360.0}