{"time": 3670.0, "passengers_served": 100.0, "NMAC_events": 0.0, "LOS_events": 22.0, "NMAC_events_h": 0.0, "LOS_events_h": 21.580381471389646, "trip_ratio": 1.128795008136164, "passengers_h": 98.09264305177112, "avg_wait_time": 166.2, "max_wait_time": 810.0}