{"time": 3570.0, "passengers_served": 100.0, "NMAC_events": 2.0, "LOS_events": 10.0, "NMAC_events_h": 2.0168067226890756, "LOS_events_h": 10.084033613445378, "trip_ratio": 1.1558639671803879, "passengers_h": 100.84033613445378, "avg_wait_time": 120.5, "max_wait_time": 450.0}