{"time": 8010.0, "passengers_served": 99.0, "NMAC_events": 0.0, "LOS_events": 24.0, "NMAC_events_h": 0.0, "LOS_events_h": 10.786516853932584, "trip_ratio": 1.2889104747495665, "passengers_h": 44.49438202247191, "avg_wait_time": 118.6, "max_wait_time": 350.0}