{"time": 3260.0, "passengers_served": 50.0, "NMAC_events": 0.0, "LOS_events": 6.0, "NMAC_events_h": 0.0, "LOS_events_h": 6.625766871165644, "trip_ratio": 1.6329180955649332, "passengers_h": 55.214723926380366, "avg_wait_time": 266.4, "max_wait_time": 1550.0}