{"time": 3230.0, "passengers_served": 30.0, "NMAC_events": 0.0, "LOS_events": 0.0, "NMAC_events_h": 0.0, "LOS_events_h": 0.0, "trip_ratio": 1.026327547233845, "passengers_h": 33.43653250773993, "avg_wait_time": 1127.6666666666667, "max_wait_time": 2580.0}