{"time": 8010.0, "passengers_served": 29.0, "NMAC_events": 0.0, "LOS_events": 0.0, "NMAC_events_h": 0.0, "LOS_events_h": 0.0, "trip_ratio": 1.031561241553077, "passengers_h": 13.03370786516854, "avg_wait_time": 998.9655172413793, "max_wait_time": 2320.0}