{"time": 3740.0, "passengers_served": 100.0, "NMAC_events": 2.0, "LOS_events": 4.0, "NMAC_events_h": 1.9251336898395721, "LOS_events_h": 3.8502673796791442, "trip_ratio": 1.1896396258471345, "passengers_h": 96.2566844919786, "avg_wait_time": 157.4, "max_wait_time": 620.0}