{"time": 5250.0, "passengers_served": 100.0, "NMAC_events": 0.0, "LOS_events": 6.0, "NMAC_events_h": 0.0, "LOS_events_h": 4.114285714285715, "trip_ratio": 1.1439516934744152, "passengers_h": 68.57142857142857, "avg_wait_time": 276.6, "max_wait_time": 1670.0}