{"time": 3890.0, "passengers_served": 100.0, "NMAC_events": 0.0, "LOS_events": 14.0, "NMAC_events_h": 0.0, "LOS_events_h": 12.956298200514139, "trip_ratio": 1.3263332004912238, "passengers_h": 92.54498714652956, "avg_wait_time": 288.4, "max_wait_time": 1120.0}