{"time": 5480.0, "passengers_served": 100.0, "NMAC_events": 0.0, "LOS_events": 10.0, "NMAC_events_h": 0.0, "LOS_events_h": 6.569343065693431, "trip_ratio": 1.2806442200608337, "passengers_h": 65.69343065693431, "avg_wait_time": 193.7, "max_wait_time": 790.0}