{"time": 5140.0, "passengers_served": 100.0, "NMAC_events": 0.0, "LOS_events": 6.0, "NMAC_events_h": 0.0, "LOS_events_h": 4.202334630350195, "trip_ratio": 1.036771985495861, "passengers_h": 70.03891050583657, "avg_wait_time": 111.7, "max_wait_time": 770.0}