{"time": 3180.0, "passengers_served": 100.0, "NMAC_events": 0.0, "LOS_events": 4.0, "NMAC_events_h": 0.0, "LOS_events_h": 4.528301886792453, "trip_ratio": 1.281409773347164, "passengers_h": 113.20754716981132, "avg_wait_time": 214.5, "max_wait_time": 780.0}