{"time": 3230.0, "passengers_served": 100.0, "NMAC_events": 0.0, "LOS_events": 12.0, "NMAC_events_h": 0.0, "LOS_events_h": 13.374613003095975, "trip_ratio": 1.2239386816675932, "passengers_h": 111.45510835913312, "avg_wait_time": 236.8, "max_wait_time": 760.0}