{"time": 3630.0, "passengers_served": 100.0, "NMAC_events": 0.0, "LOS_events": 12.0, "NMAC_events_h": 0.0, "LOS_events_h": 11.900826446280993, "trip_ratio": 1.109085546163225, "passengers_h": 99.17355371900827, "avg_wait_time": 165.3, "max_wait_time": 710.0}