{"time": 3520.0, "passengers_served": 100.0, "NMAC_events": 0.0, "LOS_events": 12.0, "NMAC_events_h": 0.0, "LOS_events_h": 12.272727272727273, "trip_ratio": 1.0801048048969555, "passengers_h": 102.27272727272728, "avg_wait_time": 186.9, "max_wait_time": 670.0}