{"time": 4780.0, "passengers_served": 100.0, "NMAC_events": 0.0, "LOS_events": 2.0, "NMAC_events_h": 0.0, "LOS_events_h": 1.5062761506276152, "trip_ratio": 1.149643772558958, "passengers_h": 75.31380753138076, "avg_wait_time": 204.6, "max_wait_time": 1820.0}